{"cameraMode":{"drawMode":0,"name":"Shaded","section":"Shading Mode"},"sceneLighting":false,"audioPlay":false,"sceneViewState":{"showFog":true,"showMaterialUpdate":false,"showSkybox":false,"showFlares":true,"showImageEffects":true,"showParticleSystems":true},"in2DMode":false,"pivot":{"x":-2.0267090797424318,"y":-1.2839059829711915,"z":2.7010467052459719},"rotation":{"x":-0.006185517180711031,"y":0.3505580425262451,"z":-0.0023294887505471708,"w":-0.9365485310554504},"size":4.313660621643066,"orthographic":false}