{"cameraMode":{"drawMode":0,"name":"Shaded","section":"Shading Mode"},"sceneLighting":false,"audioPlay":false,"sceneViewState":{"showFog":true,"showMaterialUpdate":false,"showSkybox":false,"showFlares":true,"showImageEffects":true,"showParticleSystems":true},"in2DMode":false,"pivot":{"x":0.0,"y":1.3700000047683716,"z":-1.1799999475479127},"rotation":{"x":-0.09813853353261948,"y":-0.24432648718357087,"z":0.024858707562088968,"w":-0.9644113183021545},"size":4.5803303718566898,"orthographic":false}